{"cameraMode":{"drawMode":0,"name":"Shaded","section":"Shading Mode"},"sceneLighting":true,"audioPlay":false,"sceneViewState":{"showFog":true,"showMaterialUpdate":false,"showSkybox":true,"showFlares":true,"showImageEffects":true,"showParticleSystems":true},"in2DMode":false,"pivot":{"x":12.612222671508789,"y":37.58512878417969,"z":10.827144622802735},"rotation":{"x":-0.2735394835472107,"y":-0.13450220227241517,"z":0.038663074374198917,"w":-0.9516282081604004},"size":17.446168899536134,"orthographic":false}